exp_id,phương pháp,mô hình/checkpoint,K,macro_f1_val,top1_val,ece_val,f1_chinee_val,f1_snake_val,p50_ms_b1,p95_ms_b1,p99_ms_b1,throughput_img_s_b32,ghi chú,chi_phí_tương_đối_vs_I00
I00,1 view: resize + center crop (I00),T11/seed0,1,0.9626395664598376,0.9731505284204514,0.10103957836494852,0.9128440366972477,0.8985507246376812,5.495294499951342,5.687780499920336,5.984807400134292,250.1715287405026,,1.0
I01,"TTA lật ngang, K=2 (gộp xác suất)",T11/seed0,2,0.9653358257492446,0.9751499571550986,0.10404192628021475,0.9266055045871561,0.9073170731707317,10.803400000099828,11.262183899850697,11.424695500027164,128.5882281354437,"so với I00: 16 ảnh sai->đúng, 9 ảnh đúng->sai",1.9659364935210453
I03a,"TTA lật ngang, K=2 (gộp logit)",T11/seed0,2,0.9650441640527576,0.9748643244787204,0.102504510956192,0.9244851258581236,0.9073170731707317,10.803400000099828,11.262183899850697,11.424695500027164,128.5882281354437,,1.9659364935210453
I02a,"TTA 5 crop 224 từ ảnh 256, K=5 (gộp xác suất)",T11/seed0,5,0.9671192848504712,0.976006855184233,0.10686080927405155,0.9269406392694064,0.9095354523227384,27.132572500022434,27.492961150130668,28.499632600010045,51.50461357122398,,4.9374191865900325
I03b,"TTA 5 crop 224 từ ảnh 256, K=5 (gộp logit)",T11/seed0,5,0.9665493508105489,0.9757212225078549,0.10428156541455491,0.9269406392694064,0.9068627450980392,27.132572500022434,27.492961150130668,28.499632600010045,51.50461357122398,,4.9374191865900325
I02b,"TTA 5 crop + lật, K=10 (gộp xác suất)",T11/seed0,10,0.9666984928232562,0.976006855184233,0.10715357433185055,0.9290617848970252,0.902439024390244,54.09347750014604,54.82003074976092,55.06549972976245,26.019125291368127,,9.843599374087232
I03c,"TTA 5 crop + lật, K=10 (gộp logit)",T11/seed0,10,0.9664079018150991,0.9757212225078549,0.10411483101870805,0.9269406392694064,0.902439024390244,54.09347750014604,54.82003074976092,55.06549972976245,26.019125291368127,,9.843599374087232
I04_192,1 view ở 192 px (train 224),T11/seed0,1,0.9443422965662754,0.9585832619251642,0.10302239929573757,0.8783783783783784,0.8916876574307305,5.131609000045501,5.601793450023251,5.898837930230917,351.95156565742036,,0.9338187425789352
I04_256,1 view ở 256 px (train 224),T11/seed0,1,0.9657836895114603,0.9745786918023421,0.09374065454805973,0.9195402298850575,0.9134615384615385,6.753339499937283,6.990488450196608,7.076964210091323,196.51951291661342,,1.2289313156914667
I04_288,1 view ở 288 px (train 224),T11/seed0,1,0.9646444876077798,0.9745786918023421,0.08879463599386651,0.9157175398633257,0.9033816425120773,7.488232499781589,7.841650450154702,8.302679120097313,147.00016397881842,,1.3626626379801652
I05,Ensemble 2 mô hình (trung bình xác suất),T11/seed0 + B02/seed0,2,0.9657273198336305,0.9754355898314767,0.057499211367770364,0.9237875288683602,0.9238329238329237,11.224155000036262,11.805329550020359,13.19913492001891,113.27096000661619,,2.0425029086495083
I06,"Trọng số EMA (train có EMA, cùng công thức còn lại)",T10,1,0.958732934665622,0.969437303627535,0.00854958311740962,0.912751677852349,0.9181141439205954,5.495294499951342,5.687780499920336,5.984807400134292,250.1715287405026,cùng kiến trúc nên độ trễ = I00,1.0
I07,Temperature scaling T=0.598 (khớp trên val),T11/seed0,1,0.9626395664598376,0.9731505284204514,0.005136540408603474,0.9128440366972477,0.8985507246376812,5.495294499951342,5.687780499920336,5.984807400134292,250.1715287405026,ECE trước 0.1010; ECE cross-fit 2 nửa val 0.0051; accuracy không đổi,1.0
I08a,FP16 (model.half()),T11/seed0,1,0.9626395664598376,0.9731505284204514,0.10106180729102263,0.9128440366972477,0.8985507246376812,5.1186260000122275,8.861229150102188,10.223673449759197,1086.860018615163,số ảnh đổi nhãn so với FP32: 0,0.9314561758350804
I08b,AMP autocast fp16,T11/seed0,1,0.9626395664598376,0.9731505284204514,0.10104329107276278,0.9128440366972477,0.8985507246376812,6.756313500090982,7.452300200088757,8.3257998898398,957.7292001239274,số ảnh đổi nhãn so với FP32: 0,1.2294725060050569
I08c,Gộp BN vào conv (53 cặp),B06/seed0,1,0.9347209525191832,0.9508711796629534,0.015347348519129556,0.8633093525179856,0.8653846153846154,5.113454000138518,5.4878170996289555,5.89781922992188,,"trước gộp: F1 0.9347, p50 6.11 ms; sai số lớn nhất 2.86e-06; khác model chính nên không so F1 với I00",
