cấu hình,gpu,dtype,batch,img_size,K,gộp BN,p50_ms,p95_ms,p99_ms,images_per_s,torch,tiền xử lý
I00 1 view fp32,Tesla T4,fp32,1,224,1,không,5.495294499951342,5.687780499920336,5.984807400134292,181.9738687360349,2.11.0+cu128,không tính
I00 1 view fp32,Tesla T4,fp32,32,224,1,không,127.912237500027,130.1038736999658,130.9271386201067,250.1715287405026,2.11.0+cu128,không tính
I01 hflip fp32,Tesla T4,fp32,1,224,2,không,10.803400000099828,11.262183899850697,11.424695500027164,92.56345224565966,2.11.0+cu128,không tính
I01 hflip fp32,Tesla T4,fp32,32,224,2,không,248.85637250008585,251.1571200500498,251.82708488012622,128.5882281354437,2.11.0+cu128,không tính
I02a crop5 fp32,Tesla T4,fp32,1,224,5,không,27.132572500022434,27.492961150130668,28.499632600010045,36.85607031914033,2.11.0+cu128,không tính
I02a crop5 fp32,Tesla T4,fp32,32,224,5,không,621.3035645000673,627.9441454003972,630.6616040299696,51.50461357122398,2.11.0+cu128,không tính
I02b crop10 fp32,Tesla T4,fp32,1,224,10,không,54.09347750014604,54.82003074976092,55.06549972976245,18.486517159065993,2.11.0+cu128,không tính
I02b crop10 fp32,Tesla T4,fp32,32,224,10,không,1229.8645570001554,1253.2928375999518,1256.2270379100937,26.019125291368127,2.11.0+cu128,không tính
I04 192px fp32,Tesla T4,fp32,1,192,1,không,5.131609000045501,5.601793450023251,5.898837930230917,194.8706536275724,2.11.0+cu128,không tính
I04 192px fp32,Tesla T4,fp32,32,192,1,không,90.92160149998563,92.39195989991913,92.83683621981709,351.95156565742036,2.11.0+cu128,không tính
I04 256px fp32,Tesla T4,fp32,1,256,1,không,6.753339499937283,6.990488450196608,7.076964210091323,148.07488946902296,2.11.0+cu128,không tính
I04 256px fp32,Tesla T4,fp32,32,256,1,không,162.8337030001603,164.4489881997515,165.50243181033693,196.51951291661342,2.11.0+cu128,không tính
I04 288px fp32,Tesla T4,fp32,1,288,1,không,7.488232499781589,7.841650450154702,8.302679120097313,133.54286208783813,2.11.0+cu128,không tính
I04 288px fp32,Tesla T4,fp32,32,288,1,không,217.68683199979932,220.4611022500103,220.8181426199053,147.00016397881842,2.11.0+cu128,không tính
I05 ensemble fp32,Tesla T4,fp32,1,224,2,không,11.224155000036262,11.805329550020359,13.19913492001891,89.09356650872776,2.11.0+cu128,không tính
I08a fp16,Tesla T4,fp16,1,224,1,không,5.1186260000122275,8.861229150102188,10.223673449759197,195.36492800951098,2.11.0+cu128,không tính
I08a fp16,Tesla T4,fp16,32,224,1,không,29.442613999890455,29.844166749830947,29.867644770401967,1086.860018615163,2.11.0+cu128,không tính
I08b amp,Tesla T4,amp,1,224,1,không,6.756313500090982,7.452300200088757,8.3257998898398,148.00970973098475,2.11.0+cu128,không tính
I08b amp,Tesla T4,amp,32,224,1,không,33.412367499977336,33.91003649983304,33.95483987979787,957.7292001239274,2.11.0+cu128,không tính
I08c trước gộp BN (B06),Tesla T4,fp32,1,224,1,không,6.107755000130055,6.58558085021923,6.818612879778813,163.7262791285352,2.11.0+cu128,không tính
I08c sau gộp BN (B06),Tesla T4,fp32,1,224,1,có,5.113454000138518,5.4878170996289555,5.89781922992188,195.56252974465227,2.11.0+cu128,không tính
