exp_id,seed,backbone,weight_tag,init,desc,params_M,gmacs,img_size,epochs,best_epoch,val_macro_f1,val_top1,val_balanced_acc,val_ece,val_f1_chinee,val_f1_snake,train_s_per_epoch,latency_b1_p50_ms,debug,config
B01,0,resnet50.a1_in1k,a1_in1k,finetune,resnet50,23.526,4.087,224,12,10,0.8372211858381111,0.8788917452156527,0.8145397368805897,0.011714534589746094,0.6810810810810811,0.7707808564231738,52.51515724261602,9.676323500116268,False,"{""exp_id"": ""B01"", ""seed"": 0, ""fold"": 0, ""desc"": ""resnet50"", ""pred_tag"": null, ""backbone"": ""resnet50"", ""init"": ""finetune"", ""drop_rate"": 0.0, ""drop_path_rate"": 0.0, ""img_size"": 224, ""eval_crop_pct"": 0.875, ""aug"": ""basic"", ""sampler"": null, ""mix"": null, ""mix_alpha"": 1.0, ""cache"": false, ""loss"": ""ce"", ""label_smoothing"": 0.0, ""focal_gamma"": 2.0, ""class_weight_beta"": null, ""epochs"": 12, ""batch_size"": 64, ""eval_batch_size"": 128, ""optimizer"": ""adamw"", ""lr_backbone"": 0.0001, ""lr_head"": 0.001, ""weight_decay"": 0.05, ""warmup_epochs"": 1.0, ""grad_clip"": null, ""ema_decay"": null, ""amp"": true, ""channels_last"": true, ""num_workers"": 2, ""deterministic"": false, ""device"": ""auto"", ""images_dir"": ""/content/data/images_raw"", ""labels_dir"": ""/content/data/labels"", ""out_dir"": ""/content/drive/MyDrive/K4_DAY02/runs"", ""pred_dir"": ""/content/drive/MyDrive/K4_DAY02/predictions"", ""curves_dir"": ""/content/drive/MyDrive/K4_DAY02/curves"", ""resume"": true, ""save_test_predictions"": false, ""debug_subset"": null, ""max_steps_per_epoch"": null}"
B02,0,convnext_tiny.fb_in1k,fb_in1k,finetune,convnext_tiny,27.827,4.455,224,12,11,0.9523949821232495,0.9642959154527277,0.9481561861601128,0.011784536569828773,0.8904428904428905,0.9130434782608696,60.499820490678154,5.936589499924594,False,"{""exp_id"": ""B02"", ""seed"": 0, ""fold"": 0, ""desc"": ""convnext_tiny"", ""pred_tag"": null, ""backbone"": ""convnext_tiny"", ""init"": ""finetune"", ""drop_rate"": 0.0, ""drop_path_rate"": 0.0, ""img_size"": 224, ""eval_crop_pct"": 0.875, ""aug"": ""basic"", ""sampler"": null, ""mix"": null, ""mix_alpha"": 1.0, ""cache"": false, ""loss"": ""ce"", ""label_smoothing"": 0.0, ""focal_gamma"": 2.0, ""class_weight_beta"": null, ""epochs"": 12, ""batch_size"": 64, ""eval_batch_size"": 128, ""optimizer"": ""adamw"", ""lr_backbone"": 0.0001, ""lr_head"": 0.001, ""weight_decay"": 0.05, ""warmup_epochs"": 1.0, ""grad_clip"": null, ""ema_decay"": null, ""amp"": true, ""channels_last"": true, ""num_workers"": 2, ""deterministic"": false, ""device"": ""auto"", ""images_dir"": ""/content/data/images_raw"", ""labels_dir"": ""/content/data/labels"", ""out_dir"": ""/content/drive/MyDrive/K4_DAY02/runs"", ""pred_dir"": ""/content/drive/MyDrive/K4_DAY02/predictions"", ""curves_dir"": ""/content/drive/MyDrive/K4_DAY02/curves"", ""resume"": true, ""save_test_predictions"": false, ""debug_subset"": null, ""max_steps_per_epoch"": null}"
B03,0,deit_small_patch16_224.fb_in1k,fb_in1k,finetune,deit_small,21.669,4.241,224,12,11,0.9581362309525266,0.9700085689802913,0.955535976267215,0.011206100525008995,0.9123595505617978,0.9077306733167083,48.496062179406486,5.429150500049218,False,"{""exp_id"": ""B03"", ""seed"": 0, ""fold"": 0, ""desc"": ""deit_small"", ""pred_tag"": null, ""backbone"": ""deit_small"", ""init"": ""finetune"", ""drop_rate"": 0.0, ""drop_path_rate"": 0.0, ""img_size"": 224, ""eval_crop_pct"": 0.875, ""aug"": ""basic"", ""sampler"": null, ""mix"": null, ""mix_alpha"": 1.0, ""cache"": false, ""loss"": ""ce"", ""label_smoothing"": 0.0, ""focal_gamma"": 2.0, ""class_weight_beta"": null, ""epochs"": 12, ""batch_size"": 64, ""eval_batch_size"": 128, ""optimizer"": ""adamw"", ""lr_backbone"": 0.0001, ""lr_head"": 0.001, ""weight_decay"": 0.05, ""warmup_epochs"": 1.0, ""grad_clip"": null, ""ema_decay"": null, ""amp"": true, ""channels_last"": true, ""num_workers"": 2, ""deterministic"": false, ""device"": ""auto"", ""images_dir"": ""/content/data/images_raw"", ""labels_dir"": ""/content/data/labels"", ""out_dir"": ""/content/drive/MyDrive/K4_DAY02/runs"", ""pred_dir"": ""/content/drive/MyDrive/K4_DAY02/predictions"", ""curves_dir"": ""/content/drive/MyDrive/K4_DAY02/curves"", ""resume"": true, ""save_test_predictions"": false, ""debug_subset"": null, ""max_steps_per_epoch"": null}"
B04,0,efficientnet_b0.ra_in1k,ra_in1k,finetune,efficientnet_b0,4.019,0.385,224,12,12,0.8501048962868462,0.8831762353613254,0.8609809787463325,0.027316277124537155,0.7132530120481927,0.767816091954023,47.387480318546295,11.465084499832301,False,"{""exp_id"": ""B04"", ""seed"": 0, ""fold"": 0, ""desc"": ""efficientnet_b0"", ""pred_tag"": null, ""backbone"": ""efficientnet_b0"", ""init"": ""finetune"", ""drop_rate"": 0.0, ""drop_path_rate"": 0.0, ""img_size"": 224, ""eval_crop_pct"": 0.875, ""aug"": ""basic"", ""sampler"": null, ""mix"": null, ""mix_alpha"": 1.0, ""cache"": false, ""loss"": ""ce"", ""label_smoothing"": 0.0, ""focal_gamma"": 2.0, ""class_weight_beta"": null, ""epochs"": 12, ""batch_size"": 64, ""eval_batch_size"": 128, ""optimizer"": ""adamw"", ""lr_backbone"": 0.0001, ""lr_head"": 0.001, ""weight_decay"": 0.05, ""warmup_epochs"": 1.0, ""grad_clip"": null, ""ema_decay"": null, ""amp"": true, ""channels_last"": true, ""num_workers"": 2, ""deterministic"": false, ""device"": ""auto"", ""images_dir"": ""/content/data/images_raw"", ""labels_dir"": ""/content/data/labels"", ""out_dir"": ""/content/drive/MyDrive/K4_DAY02/runs"", ""pred_dir"": ""/content/drive/MyDrive/K4_DAY02/predictions"", ""curves_dir"": ""/content/drive/MyDrive/K4_DAY02/curves"", ""resume"": true, ""save_test_predictions"": false, ""debug_subset"": null, ""max_steps_per_epoch"": null}"
B05,0,mobilenetv3_large_100.ra_in1k,ra_in1k,finetune,mobilenetv3,4.214,0.215,224,12,10,0.8327699345908741,0.8743216223936018,0.8228673258185428,0.022244179693979876,0.8009478672985783,0.7740384615384616,45.90331824620565,7.010326999989047,False,"{""exp_id"": ""B05"", ""seed"": 0, ""fold"": 0, ""desc"": ""mobilenetv3"", ""pred_tag"": null, ""backbone"": ""mobilenetv3"", ""init"": ""finetune"", ""drop_rate"": 0.0, ""drop_path_rate"": 0.0, ""img_size"": 224, ""eval_crop_pct"": 0.875, ""aug"": ""basic"", ""sampler"": null, ""mix"": null, ""mix_alpha"": 1.0, ""cache"": false, ""loss"": ""ce"", ""label_smoothing"": 0.0, ""focal_gamma"": 2.0, ""class_weight_beta"": null, ""epochs"": 12, ""batch_size"": 64, ""eval_batch_size"": 128, ""optimizer"": ""adamw"", ""lr_backbone"": 0.0001, ""lr_head"": 0.001, ""weight_decay"": 0.05, ""warmup_epochs"": 1.0, ""grad_clip"": null, ""ema_decay"": null, ""amp"": true, ""channels_last"": true, ""num_workers"": 2, ""deterministic"": false, ""device"": ""auto"", ""images_dir"": ""/content/data/images_raw"", ""labels_dir"": ""/content/data/labels"", ""out_dir"": ""/content/drive/MyDrive/K4_DAY02/runs"", ""pred_dir"": ""/content/drive/MyDrive/K4_DAY02/predictions"", ""curves_dir"": ""/content/drive/MyDrive/K4_DAY02/curves"", ""resume"": true, ""save_test_predictions"": false, ""debug_subset"": null, ""max_steps_per_epoch"": null}"
B06,0,resnet50.tv2_in1k,tv2_in1k,finetune,resnet50_tv2,23.526,4.087,224,12,12,0.9347209525191832,0.9508711796629534,0.9260026631633969,0.014823946317744578,0.8633093525179856,0.8653846153846154,50.58521417776743,8.181318000424653,False,"{""exp_id"": ""B06"", ""seed"": 0, ""fold"": 0, ""desc"": ""resnet50_tv2"", ""pred_tag"": null, ""backbone"": ""resnet50.tv2_in1k"", ""init"": ""finetune"", ""drop_rate"": 0.0, ""drop_path_rate"": 0.0, ""img_size"": 224, ""eval_crop_pct"": 0.875, ""aug"": ""basic"", ""sampler"": null, ""mix"": null, ""mix_alpha"": 1.0, ""cache"": false, ""loss"": ""ce"", ""label_smoothing"": 0.0, ""focal_gamma"": 2.0, ""class_weight_beta"": null, ""epochs"": 12, ""batch_size"": 64, ""eval_batch_size"": 128, ""optimizer"": ""adamw"", ""lr_backbone"": 0.0001, ""lr_head"": 0.001, ""weight_decay"": 0.05, ""warmup_epochs"": 1.0, ""grad_clip"": null, ""ema_decay"": null, ""amp"": true, ""channels_last"": true, ""num_workers"": 2, ""deterministic"": false, ""device"": ""auto"", ""images_dir"": ""/content/data/images_raw"", ""labels_dir"": ""/content/data/labels"", ""out_dir"": ""/content/drive/MyDrive/K4_DAY02/runs"", ""pred_dir"": ""/content/drive/MyDrive/K4_DAY02/predictions"", ""curves_dir"": ""/content/drive/MyDrive/K4_DAY02/curves"", ""resume"": true, ""save_test_predictions"": false, ""debug_subset"": null, ""max_steps_per_epoch"": null}"
T00,0,deit_small_patch16_224.fb_in1k,fb_in1k,finetune,baseline,21.669,4.241,224,12,12,0.9588471777376668,0.969437303627535,0.9563318466729194,0.009467204545157856,0.9230769230769231,0.9009900990099009,49.93242790301641,7.542191499851469,False,"{""exp_id"": ""T00"", ""seed"": 0, ""fold"": 0, ""desc"": ""baseline"", ""pred_tag"": null, ""backbone"": ""deit_small"", ""init"": ""finetune"", ""drop_rate"": 0.0, ""drop_path_rate"": 0.0, ""img_size"": 224, ""eval_crop_pct"": 0.875, ""aug"": ""basic"", ""sampler"": null, ""mix"": null, ""mix_alpha"": 1.0, ""cache"": false, ""loss"": ""ce"", ""label_smoothing"": 0.0, ""focal_gamma"": 2.0, ""class_weight_beta"": null, ""epochs"": 12, ""batch_size"": 64, ""eval_batch_size"": 128, ""optimizer"": ""adamw"", ""lr_backbone"": 0.0001, ""lr_head"": 0.001, ""weight_decay"": 0.05, ""warmup_epochs"": 1.0, ""grad_clip"": null, ""ema_decay"": null, ""amp"": true, ""channels_last"": true, ""num_workers"": 2, ""deterministic"": false, ""device"": ""auto"", ""images_dir"": ""/content/data/images_raw"", ""labels_dir"": ""/content/data/labels"", ""out_dir"": ""/content/drive/MyDrive/K4_DAY02/runs"", ""pred_dir"": ""/content/drive/MyDrive/K4_DAY02/predictions"", ""curves_dir"": ""/content/drive/MyDrive/K4_DAY02/curves"", ""resume"": true, ""save_test_predictions"": false, ""debug_subset"": null, ""max_steps_per_epoch"": null}"
T01,0,deit_small_patch16_224.fb_in1k,random-init,scratch,init_scratch,21.669,4.241,224,12,12,0.6842145352304905,0.7663524707226507,0.685613209637111,0.02309889020245653,0.5202863961813842,0.5606936416184971,49.42097143332163,7.212247000097705,False,"{""exp_id"": ""T01"", ""seed"": 0, ""fold"": 0, ""desc"": ""init_scratch"", ""pred_tag"": null, ""backbone"": ""deit_small"", ""init"": ""scratch"", ""drop_rate"": 0.0, ""drop_path_rate"": 0.0, ""img_size"": 224, ""eval_crop_pct"": 0.875, ""aug"": ""basic"", ""sampler"": null, ""mix"": null, ""mix_alpha"": 1.0, ""cache"": false, ""loss"": ""ce"", ""label_smoothing"": 0.0, ""focal_gamma"": 2.0, ""class_weight_beta"": null, ""epochs"": 12, ""batch_size"": 64, ""eval_batch_size"": 128, ""optimizer"": ""adamw"", ""lr_backbone"": 0.0001, ""lr_head"": 0.001, ""weight_decay"": 0.05, ""warmup_epochs"": 1.0, ""grad_clip"": null, ""ema_decay"": null, ""amp"": true, ""channels_last"": true, ""num_workers"": 2, ""deterministic"": false, ""device"": ""auto"", ""images_dir"": ""/content/data/images_raw"", ""labels_dir"": ""/content/data/labels"", ""out_dir"": ""/content/drive/MyDrive/K4_DAY02/runs"", ""pred_dir"": ""/content/drive/MyDrive/K4_DAY02/predictions"", ""curves_dir"": ""/content/drive/MyDrive/K4_DAY02/curves"", ""resume"": true, ""save_test_predictions"": false, ""debug_subset"": null, ""max_steps_per_epoch"": null}"
T02,0,deit_small_patch16_224.fb_in1k,fb_in1k,frozen,init_frozen,21.669,4.241,224,12,12,0.7474296587324747,0.8066266780919737,0.7179144489375473,0.022842875307054047,0.6618705035971223,0.6666666666666665,38.76469167073568,5.4781490002824285,False,"{""exp_id"": ""T02"", ""seed"": 0, ""fold"": 0, ""desc"": ""init_frozen"", ""pred_tag"": null, ""backbone"": ""deit_small"", ""init"": ""frozen"", ""drop_rate"": 0.0, ""drop_path_rate"": 0.0, ""img_size"": 224, ""eval_crop_pct"": 0.875, ""aug"": ""basic"", ""sampler"": null, ""mix"": null, ""mix_alpha"": 1.0, ""cache"": false, ""loss"": ""ce"", ""label_smoothing"": 0.0, ""focal_gamma"": 2.0, ""class_weight_beta"": null, ""epochs"": 12, ""batch_size"": 64, ""eval_batch_size"": 128, ""optimizer"": ""adamw"", ""lr_backbone"": 0.0001, ""lr_head"": 0.001, ""weight_decay"": 0.05, ""warmup_epochs"": 1.0, ""grad_clip"": null, ""ema_decay"": null, ""amp"": true, ""channels_last"": true, ""num_workers"": 2, ""deterministic"": false, ""device"": ""auto"", ""images_dir"": ""/content/data/images_raw"", ""labels_dir"": ""/content/data/labels"", ""out_dir"": ""/content/drive/MyDrive/K4_DAY02/runs"", ""pred_dir"": ""/content/drive/MyDrive/K4_DAY02/predictions"", ""curves_dir"": ""/content/drive/MyDrive/K4_DAY02/curves"", ""resume"": true, ""save_test_predictions"": false, ""debug_subset"": null, ""max_steps_per_epoch"": null}"
T03,0,deit_small_patch16_224.fb_in1k,fb_in1k,finetune,loss_ls0.1,21.669,4.241,224,12,12,0.9608799433973532,0.9722936303913168,0.9597383464846774,0.0867060422750293,0.9227272727272727,0.9032258064516129,48.60821018616358,5.445584499739198,False,"{""exp_id"": ""T03"", ""seed"": 0, ""fold"": 0, ""desc"": ""loss_ls0.1"", ""pred_tag"": null, ""backbone"": ""deit_small"", ""init"": ""finetune"", ""drop_rate"": 0.0, ""drop_path_rate"": 0.0, ""img_size"": 224, ""eval_crop_pct"": 0.875, ""aug"": ""basic"", ""sampler"": null, ""mix"": null, ""mix_alpha"": 1.0, ""cache"": false, ""loss"": ""ls"", ""label_smoothing"": 0.1, ""focal_gamma"": 2.0, ""class_weight_beta"": null, ""epochs"": 12, ""batch_size"": 64, ""eval_batch_size"": 128, ""optimizer"": ""adamw"", ""lr_backbone"": 0.0001, ""lr_head"": 0.001, ""weight_decay"": 0.05, ""warmup_epochs"": 1.0, ""grad_clip"": null, ""ema_decay"": null, ""amp"": true, ""channels_last"": true, ""num_workers"": 2, ""deterministic"": false, ""device"": ""auto"", ""images_dir"": ""/content/data/images_raw"", ""labels_dir"": ""/content/data/labels"", ""out_dir"": ""/content/drive/MyDrive/K4_DAY02/runs"", ""pred_dir"": ""/content/drive/MyDrive/K4_DAY02/predictions"", ""curves_dir"": ""/content/drive/MyDrive/K4_DAY02/curves"", ""resume"": true, ""save_test_predictions"": false, ""debug_subset"": null, ""max_steps_per_epoch"": null}"
T04,0,deit_small_patch16_224.fb_in1k,fb_in1k,finetune,loss_focal_g2,21.669,4.241,224,12,12,0.9550936204174929,0.9674378748928878,0.9549650539602835,0.04953171774784201,0.9038031319910514,0.8932038834951458,50.07554694016775,7.017058499968698,False,"{""exp_id"": ""T04"", ""seed"": 0, ""fold"": 0, ""desc"": ""loss_focal_g2"", ""pred_tag"": null, ""backbone"": ""deit_small"", ""init"": ""finetune"", ""drop_rate"": 0.0, ""drop_path_rate"": 0.0, ""img_size"": 224, ""eval_crop_pct"": 0.875, ""aug"": ""basic"", ""sampler"": null, ""mix"": null, ""mix_alpha"": 1.0, ""cache"": false, ""loss"": ""focal"", ""label_smoothing"": 0.0, ""focal_gamma"": 2.0, ""class_weight_beta"": null, ""epochs"": 12, ""batch_size"": 64, ""eval_batch_size"": 128, ""optimizer"": ""adamw"", ""lr_backbone"": 0.0001, ""lr_head"": 0.001, ""weight_decay"": 0.05, ""warmup_epochs"": 1.0, ""grad_clip"": null, ""ema_decay"": null, ""amp"": true, ""channels_last"": true, ""num_workers"": 2, ""deterministic"": false, ""device"": ""auto"", ""images_dir"": ""/content/data/images_raw"", ""labels_dir"": ""/content/data/labels"", ""out_dir"": ""/content/drive/MyDrive/K4_DAY02/runs"", ""pred_dir"": ""/content/drive/MyDrive/K4_DAY02/predictions"", ""curves_dir"": ""/content/drive/MyDrive/K4_DAY02/curves"", ""resume"": true, ""save_test_predictions"": false, ""debug_subset"": null, ""max_steps_per_epoch"": null}"
T05,0,deit_small_patch16_224.fb_in1k,fb_in1k,finetune,loss_ce_weighted,21.669,4.241,224,12,11,0.9485585273264608,0.9617252213653242,0.9535309229818747,0.012332370967419208,0.8878718535469108,0.8762376237623762,35.16298778851827,5.587221499922634,False,"{""exp_id"": ""T05"", ""seed"": 0, ""fold"": 0, ""desc"": ""loss_ce_weighted"", ""pred_tag"": null, ""backbone"": ""deit_small"", ""init"": ""finetune"", ""drop_rate"": 0.0, ""drop_path_rate"": 0.0, ""img_size"": 224, ""eval_crop_pct"": 0.875, ""aug"": ""basic"", ""sampler"": null, ""mix"": null, ""mix_alpha"": 1.0, ""cache"": false, ""loss"": ""ce_weighted"", ""label_smoothing"": 0.0, ""focal_gamma"": 2.0, ""class_weight_beta"": null, ""epochs"": 12, ""batch_size"": 64, ""eval_batch_size"": 128, ""optimizer"": ""adamw"", ""lr_backbone"": 0.0001, ""lr_head"": 0.001, ""weight_decay"": 0.05, ""warmup_epochs"": 1.0, ""grad_clip"": null, ""ema_decay"": null, ""amp"": true, ""channels_last"": true, ""num_workers"": 4, ""deterministic"": false, ""device"": ""auto"", ""images_dir"": ""/tmp/deepweeds/images_raw"", ""labels_dir"": ""/tmp/deepweeds/labels"", ""out_dir"": ""/kaggle/working/K4_DAY02/runs"", ""pred_dir"": ""/kaggle/working/K4_DAY02/predictions"", ""curves_dir"": ""/kaggle/working/K4_DAY02/curves"", ""resume"": true, ""save_test_predictions"": false, ""debug_subset"": null, ""max_steps_per_epoch"": null}"
T06,0,deit_small_patch16_224.fb_in1k,fb_in1k,finetune,aug_color,21.669,4.241,224,12,12,0.9509290509821725,0.9637246500999714,0.9444963958423798,0.010562023205736652,0.9036697247706421,0.9027431421446384,39.14411103725433,5.544634500097345,False,"{""exp_id"": ""T06"", ""seed"": 0, ""fold"": 0, ""desc"": ""aug_color"", ""pred_tag"": null, ""backbone"": ""deit_small"", ""init"": ""finetune"", ""drop_rate"": 0.0, ""drop_path_rate"": 0.0, ""img_size"": 224, ""eval_crop_pct"": 0.875, ""aug"": ""color"", ""sampler"": null, ""mix"": null, ""mix_alpha"": 1.0, ""cache"": false, ""loss"": ""ce"", ""label_smoothing"": 0.0, ""focal_gamma"": 2.0, ""class_weight_beta"": null, ""epochs"": 12, ""batch_size"": 64, ""eval_batch_size"": 128, ""optimizer"": ""adamw"", ""lr_backbone"": 0.0001, ""lr_head"": 0.001, ""weight_decay"": 0.05, ""warmup_epochs"": 1.0, ""grad_clip"": null, ""ema_decay"": null, ""amp"": true, ""channels_last"": true, ""num_workers"": 4, ""deterministic"": false, ""device"": ""auto"", ""images_dir"": ""/tmp/deepweeds/images_raw"", ""labels_dir"": ""/tmp/deepweeds/labels"", ""out_dir"": ""/kaggle/working/K4_DAY02/runs"", ""pred_dir"": ""/kaggle/working/K4_DAY02/predictions"", ""curves_dir"": ""/kaggle/working/K4_DAY02/curves"", ""resume"": true, ""save_test_predictions"": false, ""debug_subset"": null, ""max_steps_per_epoch"": null}"
T07,0,deit_small_patch16_224.fb_in1k,fb_in1k,finetune,aug_trivial,21.669,4.241,224,12,10,0.9603197067342766,0.9700085689802913,0.9514729945004761,0.011602644493144378,0.9174311926605504,0.9141414141414141,35.71019450823466,5.558594000149242,False,"{""exp_id"": ""T07"", ""seed"": 0, ""fold"": 0, ""desc"": ""aug_trivial"", ""pred_tag"": null, ""backbone"": ""deit_small"", ""init"": ""finetune"", ""drop_rate"": 0.0, ""drop_path_rate"": 0.0, ""img_size"": 224, ""eval_crop_pct"": 0.875, ""aug"": ""trivial"", ""sampler"": null, ""mix"": null, ""mix_alpha"": 1.0, ""cache"": false, ""loss"": ""ce"", ""label_smoothing"": 0.0, ""focal_gamma"": 2.0, ""class_weight_beta"": null, ""epochs"": 12, ""batch_size"": 64, ""eval_batch_size"": 128, ""optimizer"": ""adamw"", ""lr_backbone"": 0.0001, ""lr_head"": 0.001, ""weight_decay"": 0.05, ""warmup_epochs"": 1.0, ""grad_clip"": null, ""ema_decay"": null, ""amp"": true, ""channels_last"": true, ""num_workers"": 4, ""deterministic"": false, ""device"": ""auto"", ""images_dir"": ""/tmp/deepweeds/images_raw"", ""labels_dir"": ""/tmp/deepweeds/labels"", ""out_dir"": ""/kaggle/working/K4_DAY02/runs"", ""pred_dir"": ""/kaggle/working/K4_DAY02/predictions"", ""curves_dir"": ""/kaggle/working/K4_DAY02/curves"", ""resume"": true, ""save_test_predictions"": false, ""debug_subset"": null, ""max_steps_per_epoch"": null}"
T08,0,deit_small_patch16_224.fb_in1k,fb_in1k,finetune,aug_cutmix,21.669,4.241,224,12,12,0.9596398196521143,0.9705798343330477,0.9607796735459494,0.016119620608254517,0.9234234234234234,0.9121951219512194,36.22986408074697,5.798206500003289,False,"{""exp_id"": ""T08"", ""seed"": 0, ""fold"": 0, ""desc"": ""aug_cutmix"", ""pred_tag"": null, ""backbone"": ""deit_small"", ""init"": ""finetune"", ""drop_rate"": 0.0, ""drop_path_rate"": 0.0, ""img_size"": 224, ""eval_crop_pct"": 0.875, ""aug"": ""basic"", ""sampler"": null, ""mix"": ""cutmix"", ""mix_alpha"": 1.0, ""cache"": false, ""loss"": ""ce"", ""label_smoothing"": 0.0, ""focal_gamma"": 2.0, ""class_weight_beta"": null, ""epochs"": 12, ""batch_size"": 64, ""eval_batch_size"": 128, ""optimizer"": ""adamw"", ""lr_backbone"": 0.0001, ""lr_head"": 0.001, ""weight_decay"": 0.05, ""warmup_epochs"": 1.0, ""grad_clip"": null, ""ema_decay"": null, ""amp"": true, ""channels_last"": true, ""num_workers"": 4, ""deterministic"": false, ""device"": ""auto"", ""images_dir"": ""/tmp/deepweeds/images_raw"", ""labels_dir"": ""/tmp/deepweeds/labels"", ""out_dir"": ""/kaggle/working/K4_DAY02/runs"", ""pred_dir"": ""/kaggle/working/K4_DAY02/predictions"", ""curves_dir"": ""/kaggle/working/K4_DAY02/curves"", ""resume"": true, ""save_test_predictions"": false, ""debug_subset"": null, ""max_steps_per_epoch"": null}"
T09,0,deit_small_patch16_224.fb_in1k,fb_in1k,finetune,sampler_balanced,21.669,4.241,224,12,12,0.9513502224190946,0.9622964867180805,0.9637046839639081,0.013202245267886662,0.9135254988913526,0.8926014319809069,35.70015799999237,5.599650000249312,False,"{""exp_id"": ""T09"", ""seed"": 0, ""fold"": 0, ""desc"": ""sampler_balanced"", ""pred_tag"": null, ""backbone"": ""deit_small"", ""init"": ""finetune"", ""drop_rate"": 0.0, ""drop_path_rate"": 0.0, ""img_size"": 224, ""eval_crop_pct"": 0.875, ""aug"": ""basic"", ""sampler"": ""balanced"", ""mix"": null, ""mix_alpha"": 1.0, ""cache"": false, ""loss"": ""ce"", ""label_smoothing"": 0.0, ""focal_gamma"": 2.0, ""class_weight_beta"": null, ""epochs"": 12, ""batch_size"": 64, ""eval_batch_size"": 128, ""optimizer"": ""adamw"", ""lr_backbone"": 0.0001, ""lr_head"": 0.001, ""weight_decay"": 0.05, ""warmup_epochs"": 1.0, ""grad_clip"": null, ""ema_decay"": null, ""amp"": true, ""channels_last"": true, ""num_workers"": 4, ""deterministic"": false, ""device"": ""auto"", ""images_dir"": ""/tmp/deepweeds/images_raw"", ""labels_dir"": ""/tmp/deepweeds/labels"", ""out_dir"": ""/kaggle/working/K4_DAY02/runs"", ""pred_dir"": ""/kaggle/working/K4_DAY02/predictions"", ""curves_dir"": ""/kaggle/working/K4_DAY02/curves"", ""resume"": true, ""save_test_predictions"": false, ""debug_subset"": null, ""max_steps_per_epoch"": null}"
T10,0,deit_small_patch16_224.fb_in1k,fb_in1k,finetune,ema0.998,21.669,4.241,224,12,10,0.958732934665622,0.969437303627535,0.9577888138781313,0.00854958311740962,0.912751677852349,0.9181141439205954,35.91786199808121,5.542258000104994,False,"{""exp_id"": ""T10"", ""seed"": 0, ""fold"": 0, ""desc"": ""ema0.998"", ""pred_tag"": null, ""backbone"": ""deit_small"", ""init"": ""finetune"", ""drop_rate"": 0.0, ""drop_path_rate"": 0.0, ""img_size"": 224, ""eval_crop_pct"": 0.875, ""aug"": ""basic"", ""sampler"": null, ""mix"": null, ""mix_alpha"": 1.0, ""cache"": false, ""loss"": ""ce"", ""label_smoothing"": 0.0, ""focal_gamma"": 2.0, ""class_weight_beta"": null, ""epochs"": 12, ""batch_size"": 64, ""eval_batch_size"": 128, ""optimizer"": ""adamw"", ""lr_backbone"": 0.0001, ""lr_head"": 0.001, ""weight_decay"": 0.05, ""warmup_epochs"": 1.0, ""grad_clip"": null, ""ema_decay"": 0.998, ""amp"": true, ""channels_last"": true, ""num_workers"": 4, ""deterministic"": false, ""device"": ""auto"", ""images_dir"": ""/tmp/deepweeds/images_raw"", ""labels_dir"": ""/tmp/deepweeds/labels"", ""out_dir"": ""/kaggle/working/K4_DAY02/runs"", ""pred_dir"": ""/kaggle/working/K4_DAY02/predictions"", ""curves_dir"": ""/kaggle/working/K4_DAY02/curves"", ""resume"": true, ""save_test_predictions"": false, ""debug_subset"": null, ""max_steps_per_epoch"": null}"
T11,0,deit_small_patch16_224.fb_in1k,fb_in1k,finetune,combo_trivial_cutmix_ls,21.669,4.241,224,12,12,0.9626395664598376,0.9731505284204514,0.9611596482100846,0.10104527380769608,0.9128440366972477,0.8985507246376812,35.75926480690638,5.466854500014051,False,"{""exp_id"": ""T11"", ""seed"": 0, ""fold"": 0, ""desc"": ""combo_trivial_cutmix_ls"", ""pred_tag"": null, ""backbone"": ""deit_small"", ""init"": ""finetune"", ""drop_rate"": 0.0, ""drop_path_rate"": 0.0, ""img_size"": 224, ""eval_crop_pct"": 0.875, ""aug"": ""trivial"", ""sampler"": null, ""mix"": ""cutmix"", ""mix_alpha"": 1.0, ""cache"": false, ""loss"": ""ls"", ""label_smoothing"": 0.1, ""focal_gamma"": 2.0, ""class_weight_beta"": null, ""epochs"": 12, ""batch_size"": 64, ""eval_batch_size"": 128, ""optimizer"": ""adamw"", ""lr_backbone"": 0.0001, ""lr_head"": 0.001, ""weight_decay"": 0.05, ""warmup_epochs"": 1.0, ""grad_clip"": null, ""ema_decay"": null, ""amp"": true, ""channels_last"": true, ""num_workers"": 4, ""deterministic"": false, ""device"": ""auto"", ""images_dir"": ""/tmp/deepweeds/images_raw"", ""labels_dir"": ""/tmp/deepweeds/labels"", ""out_dir"": ""/kaggle/working/K4_DAY02/runs"", ""pred_dir"": ""/kaggle/working/K4_DAY02/predictions"", ""curves_dir"": ""/kaggle/working/K4_DAY02/curves"", ""resume"": true, ""save_test_predictions"": false, ""debug_subset"": null, ""max_steps_per_epoch"": null}"
T12,0,deit_small_patch16_224.fb_in1k,fb_in1k,finetune,combo_trivial_cutmix_ema,21.669,4.241,224,12,8,0.9582955121122048,0.9682947729220223,0.9581393990301442,0.022373811483207603,0.9095022624434388,0.9189189189189189,36.65598120292028,5.990966500121431,False,"{""exp_id"": ""T12"", ""seed"": 0, ""fold"": 0, ""desc"": ""combo_trivial_cutmix_ema"", ""pred_tag"": null, ""backbone"": ""deit_small"", ""init"": ""finetune"", ""drop_rate"": 0.0, ""drop_path_rate"": 0.0, ""img_size"": 224, ""eval_crop_pct"": 0.875, ""aug"": ""trivial"", ""sampler"": null, ""mix"": ""cutmix"", ""mix_alpha"": 1.0, ""cache"": false, ""loss"": ""ce"", ""label_smoothing"": 0.0, ""focal_gamma"": 2.0, ""class_weight_beta"": null, ""epochs"": 12, ""batch_size"": 64, ""eval_batch_size"": 128, ""optimizer"": ""adamw"", ""lr_backbone"": 0.0001, ""lr_head"": 0.001, ""weight_decay"": 0.05, ""warmup_epochs"": 1.0, ""grad_clip"": null, ""ema_decay"": 0.998, ""amp"": true, ""channels_last"": true, ""num_workers"": 4, ""deterministic"": false, ""device"": ""auto"", ""images_dir"": ""/tmp/deepweeds/images_raw"", ""labels_dir"": ""/tmp/deepweeds/labels"", ""out_dir"": ""/kaggle/working/K4_DAY02/runs"", ""pred_dir"": ""/kaggle/working/K4_DAY02/predictions"", ""curves_dir"": ""/kaggle/working/K4_DAY02/curves"", ""resume"": true, ""save_test_predictions"": false, ""debug_subset"": null, ""max_steps_per_epoch"": null}"
F01,0,deit_small_patch16_224.fb_in1k,fb_in1k,finetune,final_T11,21.669,4.241,224,12,11,0.9619246416429602,0.9725792630676949,0.9618241123910596,0.10362443412118254,0.9202733485193623,0.9055690072639224,33.25309610366821,5.364060000033533,False,"{""exp_id"": ""F01"", ""seed"": 0, ""fold"": 0, ""desc"": ""final_T11"", ""pred_tag"": null, ""backbone"": ""deit_small"", ""init"": ""finetune"", ""drop_rate"": 0.0, ""drop_path_rate"": 0.0, ""img_size"": 224, ""eval_crop_pct"": 0.875, ""aug"": ""trivial"", ""sampler"": null, ""mix"": ""cutmix"", ""mix_alpha"": 1.0, ""cache"": false, ""loss"": ""ls"", ""label_smoothing"": 0.1, ""focal_gamma"": 2.0, ""class_weight_beta"": null, ""epochs"": 12, ""batch_size"": 64, ""eval_batch_size"": 128, ""optimizer"": ""adamw"", ""lr_backbone"": 0.0001, ""lr_head"": 0.001, ""weight_decay"": 0.05, ""warmup_epochs"": 1.0, ""grad_clip"": null, ""ema_decay"": null, ""amp"": true, ""channels_last"": true, ""num_workers"": 4, ""deterministic"": false, ""device"": ""auto"", ""images_dir"": ""/tmp/deepweeds/images_raw"", ""labels_dir"": ""/tmp/deepweeds/labels"", ""out_dir"": ""/kaggle/working/K4_DAY02/runs"", ""pred_dir"": ""/kaggle/working/K4_DAY02/predictions"", ""curves_dir"": ""/kaggle/working/K4_DAY02/curves"", ""resume"": true, ""save_test_predictions"": false, ""debug_subset"": null, ""max_steps_per_epoch"": null}"
F01,1,deit_small_patch16_224.fb_in1k,fb_in1k,finetune,final_T11,21.669,4.241,224,12,12,0.9585121899160227,0.9682947729220223,0.9563661647381804,0.1002712617340617,0.9149425287356323,0.9099756690997567,33.8853303194046,5.467325500148945,False,"{""exp_id"": ""F01"", ""seed"": 1, ""fold"": 0, ""desc"": ""final_T11"", ""pred_tag"": null, ""backbone"": ""deit_small"", ""init"": ""finetune"", ""drop_rate"": 0.0, ""drop_path_rate"": 0.0, ""img_size"": 224, ""eval_crop_pct"": 0.875, ""aug"": ""trivial"", ""sampler"": null, ""mix"": ""cutmix"", ""mix_alpha"": 1.0, ""cache"": false, ""loss"": ""ls"", ""label_smoothing"": 0.1, ""focal_gamma"": 2.0, ""class_weight_beta"": null, ""epochs"": 12, ""batch_size"": 64, ""eval_batch_size"": 128, ""optimizer"": ""adamw"", ""lr_backbone"": 0.0001, ""lr_head"": 0.001, ""weight_decay"": 0.05, ""warmup_epochs"": 1.0, ""grad_clip"": null, ""ema_decay"": null, ""amp"": true, ""channels_last"": true, ""num_workers"": 4, ""deterministic"": false, ""device"": ""auto"", ""images_dir"": ""/tmp/deepweeds/images_raw"", ""labels_dir"": ""/tmp/deepweeds/labels"", ""out_dir"": ""/kaggle/working/K4_DAY02/runs"", ""pred_dir"": ""/kaggle/working/K4_DAY02/predictions"", ""curves_dir"": ""/kaggle/working/K4_DAY02/curves"", ""resume"": true, ""save_test_predictions"": false, ""debug_subset"": null, ""max_steps_per_epoch"": null}"
T00,1,deit_small_patch16_224.fb_in1k,fb_in1k,finetune,baseline,21.669,4.241,224,12,11,0.9642367399332815,0.9737217937732077,0.9610469647387111,0.006061988728008196,0.9318181818181819,0.9290953545232274,33.62575081984202,5.425233000096341,False,"{""exp_id"": ""T00"", ""seed"": 1, ""fold"": 0, ""desc"": ""baseline"", ""pred_tag"": null, ""backbone"": ""deit_small"", ""init"": ""finetune"", ""drop_rate"": 0.0, ""drop_path_rate"": 0.0, ""img_size"": 224, ""eval_crop_pct"": 0.875, ""aug"": ""basic"", ""sampler"": null, ""mix"": null, ""mix_alpha"": 1.0, ""cache"": false, ""loss"": ""ce"", ""label_smoothing"": 0.0, ""focal_gamma"": 2.0, ""class_weight_beta"": null, ""epochs"": 12, ""batch_size"": 64, ""eval_batch_size"": 128, ""optimizer"": ""adamw"", ""lr_backbone"": 0.0001, ""lr_head"": 0.001, ""weight_decay"": 0.05, ""warmup_epochs"": 1.0, ""grad_clip"": null, ""ema_decay"": null, ""amp"": true, ""channels_last"": true, ""num_workers"": 4, ""deterministic"": false, ""device"": ""auto"", ""images_dir"": ""/tmp/deepweeds/images_raw"", ""labels_dir"": ""/tmp/deepweeds/labels"", ""out_dir"": ""/kaggle/working/K4_DAY02/runs"", ""pred_dir"": ""/kaggle/working/K4_DAY02/predictions"", ""curves_dir"": ""/kaggle/working/K4_DAY02/curves"", ""resume"": true, ""save_test_predictions"": false, ""debug_subset"": null, ""max_steps_per_epoch"": null}"
F01,2,deit_small_patch16_224.fb_in1k,fb_in1k,finetune,final_T11,21.669,4.241,224,12,12,0.9642468949014271,0.9734361610968295,0.9605642892077005,0.099337591120675,0.927601809954751,0.916256157635468,33.80317586660385,5.362227499972505,False,"{""exp_id"": ""F01"", ""seed"": 2, ""fold"": 0, ""desc"": ""final_T11"", ""pred_tag"": null, ""backbone"": ""deit_small"", ""init"": ""finetune"", ""drop_rate"": 0.0, ""drop_path_rate"": 0.0, ""img_size"": 224, ""eval_crop_pct"": 0.875, ""aug"": ""trivial"", ""sampler"": null, ""mix"": ""cutmix"", ""mix_alpha"": 1.0, ""cache"": false, ""loss"": ""ls"", ""label_smoothing"": 0.1, ""focal_gamma"": 2.0, ""class_weight_beta"": null, ""epochs"": 12, ""batch_size"": 64, ""eval_batch_size"": 128, ""optimizer"": ""adamw"", ""lr_backbone"": 0.0001, ""lr_head"": 0.001, ""weight_decay"": 0.05, ""warmup_epochs"": 1.0, ""grad_clip"": null, ""ema_decay"": null, ""amp"": true, ""channels_last"": true, ""num_workers"": 4, ""deterministic"": false, ""device"": ""auto"", ""images_dir"": ""/tmp/deepweeds/images_raw"", ""labels_dir"": ""/tmp/deepweeds/labels"", ""out_dir"": ""/kaggle/working/K4_DAY02/runs"", ""pred_dir"": ""/kaggle/working/K4_DAY02/predictions"", ""curves_dir"": ""/kaggle/working/K4_DAY02/curves"", ""resume"": true, ""save_test_predictions"": false, ""debug_subset"": null, ""max_steps_per_epoch"": null}"
T00,2,deit_small_patch16_224.fb_in1k,fb_in1k,finetune,baseline,21.669,4.241,224,12,12,0.9552602557923296,0.9668666095401314,0.9548833722871416,0.010953560882399252,0.9123595505617978,0.9095477386934674,33.657469391822815,5.536259000109567,False,"{""exp_id"": ""T00"", ""seed"": 2, ""fold"": 0, ""desc"": ""baseline"", ""pred_tag"": null, ""backbone"": ""deit_small"", ""init"": ""finetune"", ""drop_rate"": 0.0, ""drop_path_rate"": 0.0, ""img_size"": 224, ""eval_crop_pct"": 0.875, ""aug"": ""basic"", ""sampler"": null, ""mix"": null, ""mix_alpha"": 1.0, ""cache"": false, ""loss"": ""ce"", ""label_smoothing"": 0.0, ""focal_gamma"": 2.0, ""class_weight_beta"": null, ""epochs"": 12, ""batch_size"": 64, ""eval_batch_size"": 128, ""optimizer"": ""adamw"", ""lr_backbone"": 0.0001, ""lr_head"": 0.001, ""weight_decay"": 0.05, ""warmup_epochs"": 1.0, ""grad_clip"": null, ""ema_decay"": null, ""amp"": true, ""channels_last"": true, ""num_workers"": 4, ""deterministic"": false, ""device"": ""auto"", ""images_dir"": ""/tmp/deepweeds/images_raw"", ""labels_dir"": ""/tmp/deepweeds/labels"", ""out_dir"": ""/kaggle/working/K4_DAY02/runs"", ""pred_dir"": ""/kaggle/working/K4_DAY02/predictions"", ""curves_dir"": ""/kaggle/working/K4_DAY02/curves"", ""resume"": true, ""save_test_predictions"": false, ""debug_subset"": null, ""max_steps_per_epoch"": null}"
