epoch,train_loss,train_acc,lr,val_loss,val_macro_f1,val_top1,val_balanced_acc,val_ece,train_time_s,epoch_time_s
1,1.1381208402354543,0.7223704268292683,0.0001,0.4014398753643036,0.8641800750462946,0.892316481005427,0.8532941918967359,0.10920261730364166,44.28898525238037,51.47680163383484
2,0.7110235854619886,0.9083460365853658,9.797464868072488e-05,0.3697529733181,0.8674027560206992,0.9048843187660668,0.8921931407638581,0.09505139255679962,44.1120343208313,52.572346210479736
3,0.6376014806148482,0.9379763719512195,9.206267664155907e-05,0.3067660629749298,0.9130447143966721,0.9331619537275064,0.9341018796368881,0.10740157452072455,50.31799268722534,58.35209941864014
4,0.6061196120046988,0.9510289634146342,8.274303669726426e-05,0.2326984703540802,0.9353795509803445,0.9531562410739789,0.9312112914957092,0.08779755183267439,49.47272181510925,57.92140865325928
5,0.5805766535241429,0.9609375,7.077075065009433e-05,0.23392271995544434,0.9309454386774701,0.9488717509283062,0.924300056113201,0.08688319816095269,49.82703423500061,58.3202600479126
6,0.5633705854415894,0.9698932926829268,5.7115741913664264e-05,0.20733511447906494,0.9497853192003112,0.9620108540417024,0.9404434973306758,0.09078131251091474,47.781736612319946,56.49214839935303
7,0.5392828242080968,0.979420731707317,4.288425808633575e-05,0.19327504932880402,0.9512842342010634,0.964581548129106,0.9545944515943172,0.08725076411960281,49.69244623184204,58.3071174621582
8,0.5242344622568387,0.9856135670731707,2.9229249349905684e-05,0.19540321826934814,0.9532148205119001,0.9662953441873751,0.9540092929452787,0.09103041827593984,49.38124895095825,58.08336782455444
9,0.5147686589781831,0.989329268292683,1.725696330273575e-05,0.19246649742126465,0.955646484382,0.9668666095401314,0.9528622567030818,0.08597342811186406,49.23150706291199,57.9393675327301
10,0.5095344636498428,0.9919016768292683,7.937323358440935e-06,0.18367475271224976,0.9583666452241653,0.9708654670094259,0.9545362404896682,0.08711903439773741,49.75201368331909,58.55404734611511
11,0.505785370381867,0.9926638719512195,2.0253513192751373e-06,0.17682191729545593,0.9596598790619861,0.971151099685804,0.9576819208396464,0.0870593805329742,49.489959955215454,58.242716789245605
12,0.5061875000232603,0.9929496951219512,0.0,0.17682473361492157,0.9608799433973532,0.9722936303913168,0.9597383464846774,0.0867060422750293,49.950841426849365,58.237722635269165
